<?xml version="1.0" encoding="UTF-8"?>
<root>
  <language id="english">
    <entry id="hero_class_name_antiquarian"><![CDATA[{colour_start|UI_hero_name}Antiquarian{colour_end}]]></entry>
    <entry id="combat_skill_name_antiquarian_kris_stab"><![CDATA[Nervous Stab]]></entry>
    <entry id="combat_skill_name_antiquarian_festering_vapours"><![CDATA[Festering Vapours]]></entry>
    <entry id="combat_skill_name_antiquarian_cower"><![CDATA[Get Down!]]></entry>
    <entry id="combat_skill_name_antiquarian_flashpowder"><![CDATA[Flashpowder]]></entry>
    <entry id="combat_skill_name_antiquarian_fortifying_vapours"><![CDATA[Fortifying Vapours]]></entry>
    <entry id="combat_skill_name_antiquarian_invigorating_vapours"><![CDATA[Invigorating Vapours]]></entry>
    <entry id="combat_skill_name_antiquarian_protect_me"><![CDATA[Protect Me]]></entry>
    <entry id="combat_skill_name_antiquarian_move"><![CDATA[Move]]></entry>
    <entry id="upgrade_tree_name_antiquarian.kris_stab"><![CDATA[Nervous Stab]]></entry>
    <entry id="upgrade_tree_name_antiquarian.festering_vapours"><![CDATA[Festering Vapours]]></entry>
    <entry id="upgrade_tree_name_antiquarian.cower"><![CDATA[Get Down!]]></entry>
    <entry id="upgrade_tree_name_antiquarian.flashpowder"><![CDATA[Flashpowder]]></entry>
    <entry id="upgrade_tree_name_antiquarian.fortifying_vapours"><![CDATA[Fortifying Vapours]]></entry>
    <entry id="upgrade_tree_name_antiquarian.invigorating_vapours"><![CDATA[Invigorating Vapours]]></entry>
    <entry id="upgrade_tree_name_antiquarian.protect_me"><![CDATA[Protect Me]]></entry>
    <entry id="camping_skill_name_supply"><![CDATA[RESUPPLY]]></entry>
    <entry id="camping_skill_name_trinket_scrounge"><![CDATA[TRINKET SCROUNGE]]></entry>
    <entry id="camping_skill_name_strange_powders"><![CDATA[STRANGE POWDERS]]></entry>
    <entry id="camping_skill_name_curious_incantation"><![CDATA[CURIOUS INCANTATION]]></entry>
    <entry id="str_bark_supply"><![CDATA[Being prepared is often about knowing where to look.]]></entry>
    <entry id="str_bark_trinket_scrounge"><![CDATA[I've developed an eye for spotting useful relics.]]></entry>
    <entry id="str_bark_strange_powders"><![CDATA[I obtained this formula in the far east, and it is wonderous.]]></entry>
    <entry id="str_bark_curious_incantation"><![CDATA[The calmest of the temples prepare for hardship with this mantra.]]></entry>
    <entry id="action_verbose_body_guild_antiquarian"><![CDATA[A scholar, researcher, and keen archaeologist, The Antiquarian is not well suited for combat.  She is, however, an expert in self-preservation - by making herself scarce in a fight, or demanding an ally protect her, she ensures her survival.  If direct combat is unavoidable, The Antiquarian can use her fulminating censer to heal and invigorate allies... and to toxify attackers.]]></entry>
    <entry id="action_verbose_body_blacksmith_antiquarian"><![CDATA[The Antiquarian wears no armor to speak of, instead relying on the power of the innumerable ancient charms and relics she has collected in her travels.  Her eye for rarities is enhanced by the unsettling properties of her censer's vapours, which can offer some utility to the party in ...problematic encounters.]]></entry>
    <entry id="action_verbose_body_camping_trainer_antiquarian"><![CDATA[A researcher never rests!  The Antiquarian surveys the campsite, obtaining supply items and even trinkets that the party may have overlooked.  Her peculiar utterances and strange powders have been known to put minds at ease, and strengthen corporeal hardiness.]]></entry>
    <entry id="effect_tooltip_guard_performer"><![CDATA[Force Guard by Ally]]></entry>
    <entry id="combat_skill_name_musketeer_aimed_shot"><![CDATA[Aimed Shot]]></entry>
    <entry id="combat_skill_name_musketeer_smokescreen"><![CDATA[Smokescreen]]></entry>
    <entry id="combat_skill_name_musketeer_call_the_shot"><![CDATA[Call the Shot]]></entry>
    <entry id="combat_skill_name_musketeer_buckshot"><![CDATA[Buckshot]]></entry>
    <entry id="combat_skill_name_musketeer_sidearm"><![CDATA[Sidearm]]></entry>
    <entry id="combat_skill_name_musketeer_patch_up"><![CDATA[Patch Up]]></entry>
    <entry id="combat_skill_name_musketeer_skeet_shot"><![CDATA[Skeet Shot]]></entry>
    <entry id="combat_skill_name_musketeer_move"><![CDATA[Move]]></entry>
    <entry id="upgrade_tree_name_musketeer.aimed_shot"><![CDATA[Aimed Shot]]></entry>
    <entry id="upgrade_tree_name_musketeer.smokescreen"><![CDATA[Smokescreen]]></entry>
    <entry id="upgrade_tree_name_musketeer.call_the_shot"><![CDATA[Call the Shot]]></entry>
    <entry id="upgrade_tree_name_musketeer.buckshot"><![CDATA[Buckshot]]></entry>
    <entry id="upgrade_tree_name_musketeer.sidearm"><![CDATA[Sidearm]]></entry>
    <entry id="upgrade_tree_name_musketeer.patch_up"><![CDATA[Patch Up]]></entry>
    <entry id="upgrade_tree_name_musketeer.skeet_shot"><![CDATA[Skeet Shot]]></entry>
    <entry id="camping_skill_name_clean_musket"><![CDATA[CLEAN MUSKET]]></entry>
    <entry id="str_bark_clean_musket"><![CDATA[Honed and polished, you'll fire true now, my love.]]></entry>
    <entry id="action_verbose_body_guild_musketeer"><![CDATA[A competitive sharpshooter with little practical experience, the Musketeer excels when enemies remain at a distance.  Her unerring eye and practiced reloading makes her a dependable damage dealer, and her smokescreen, first aid, and skeet shot provide some supportive utility to the party.]]></entry>
    <entry id="action_verbose_body_blacksmith_musketeer"><![CDATA[Although outwardly inconspicuous, the Musketeer's regalia is reinforced with hardened leather underarmor, allowing her to sustain a considerable amount of focus fire.  Her Musket's variable ammunition and trusty sidearm allow her to deal debilitating damage at range.]]></entry>
    <entry id="action_verbose_body_camping_trainer_musketeer"><![CDATA[The Musketeer understands that her's is a delicate instrument, and must be properly maintained if it to be relied upon in the heat of battle!  She is equally adept and providing first aid to her companions, if only to keep them between her and her targets.]]></entry>
    <entry id="town_name_heirloom_exchange"><![CDATA[Trade Heirlooms]]></entry>
    <entry id="str_inventory_title_gemantiqrelicsmall"><![CDATA[Minor Antique]]></entry>
    <entry id="str_inventory_description_gemantiqrelicsmall"><![CDATA[A minor collectible, worth money in bunches.]]></entry>
    <entry id="str_inventory_title_gemantiqrelic"><![CDATA[Rare Antique]]></entry>
    <entry id="str_inventory_description_gemantiqrelic"><![CDATA[A valuable find!]]></entry>
    <entry id="camping_skill_effect_loot_T_ANTIQ_CAMP"><![CDATA[Produces a random trinket]]></entry>
    <entry id="upgrade_tree_name_stage_coach.upgraded_recruits"><![CDATA[Experienced Recruits]]></entry>
    <entry id="upgrade_tree_tooltip_description_stage_coach.upgraded_recruits"><![CDATA[Provides a chance of higher level recruits appearing in the Stage Coach.]]></entry>
    <entry id="str_inventory_title_trinketantiq_1"><![CDATA[Bag of Marbles]]></entry>
    <entry id="str_inventory_title_trinketantiq_2"><![CDATA[Bloodcourse Medallion]]></entry>
    <entry id="str_inventory_title_trinketantiq_3"><![CDATA[Carapace Idol]]></entry>
    <entry id="str_inventory_title_trinketantiq_4"><![CDATA[Fleet Florin]]></entry>
    <entry id="str_inventory_title_trinketantiq_5"><![CDATA[Candle of Life]]></entry>
    <entry id="str_inventory_title_trinketwrathful_hat"><![CDATA[Wrathful Hat]]></entry>
    <entry id="str_inventory_title_trinketbulls_eye_hat"><![CDATA[Bulls-Eye Hat]]></entry>
    <entry id="str_inventory_title_trinketmedics_boots"><![CDATA[Medics Boots]]></entry>
    <entry id="str_inventory_title_trinketsturdy_boots"><![CDATA[Sturdy Boots]]></entry>
    <entry id="str_inventory_title_trinketvengeful_boots"><![CDATA[Vengeful Boots]]></entry>
    <entry id="camping_skill_uses_remaining_format"><![CDATA[Uses Remaining: %d]]></entry>
    <entry id="str_stage_coach_upgraded_recruits_upgrade_lvl_1"><![CDATA[Level 1 heroes can now appear in the Stage Coach.]]></entry>
    <entry id="str_stage_coach_upgraded_recruits_upgrade_lvl_2"><![CDATA[Level 2 heroes can now appear in the Stage Coach.]]></entry>
    <entry id="str_stage_coach_upgraded_recruits_upgrade_lvl_3"><![CDATA[Level 3 heroes can now appear in the Stage Coach.]]></entry>
    <entry id="str_stage_coach_upgraded_recruits_upgrade_lvl_4"><![CDATA[Level 4 heroes can now appear in the Stage Coach.]]></entry>
    <entry id="str_stage_coach_upgraded_recruits_upgrade_lvl_5"><![CDATA[Level 5 heroes can now appear in the Stage Coach.]]></entry>
  </language>
  <language id="french">
    <entry id="hero_class_name_antiquarian"><![CDATA[Antiquaire]]></entry>
    <entry id="combat_skill_name_antiquarian_kris_stab"><![CDATA[Coup nerveux]]></entry>
    <entry id="combat_skill_name_antiquarian_festering_vapours"><![CDATA[Vapeurs insidieuses]]></entry>
    <entry id="combat_skill_name_antiquarian_cower"><![CDATA[À terre!]]></entry>
    <entry id="combat_skill_name_antiquarian_flashpowder"><![CDATA[Poudre aveuglante]]></entry>
    <entry id="combat_skill_name_antiquarian_fortifying_vapours"><![CDATA[Vapeurs fortifiantes]]></entry>
    <entry id="combat_skill_name_antiquarian_invigorating_vapours"><![CDATA[Vapeurs revigorantes]]></entry>
    <entry id="combat_skill_name_antiquarian_protect_me"><![CDATA[Protège-moi]]></entry>
    <entry id="combat_skill_name_antiquarian_move"><![CDATA[Déplacement]]></entry>
    <entry id="upgrade_tree_name_antiquarian.kris_stab"><![CDATA[Coup nerveux]]></entry>
    <entry id="upgrade_tree_name_antiquarian.festering_vapours"><![CDATA[Vapeurs insidieuses]]></entry>
    <entry id="upgrade_tree_name_antiquarian.cower"><![CDATA[À terre!]]></entry>
    <entry id="upgrade_tree_name_antiquarian.flashpowder"><![CDATA[Poudre aveuglante]]></entry>
    <entry id="upgrade_tree_name_antiquarian.fortifying_vapours"><![CDATA[Vapeurs fortifiantes]]></entry>
    <entry id="upgrade_tree_name_antiquarian.invigorating_vapours"><![CDATA[Vapeurs revigorantes]]></entry>
    <entry id="upgrade_tree_name_antiquarian.protect_me"><![CDATA[Protège-moi]]></entry>
    <entry id="camping_skill_name_supply"><![CDATA[Réapprovisionnement]]></entry>
    <entry id="camping_skill_name_trinket_scrounge"><![CDATA[Découverte de breloque]]></entry>
    <entry id="camping_skill_name_strange_powders"><![CDATA[Poudres étranges]]></entry>
    <entry id="camping_skill_name_curious_incantation"><![CDATA[Curieuse incantation]]></entry>
    <entry id="str_bark_supply"><![CDATA[Souvent, être prêt signifie savoir où regarder..]]></entry>
    <entry id="str_bark_trinket_scrounge"><![CDATA[J'ai un oeil exercé pour dénicher les reliques utiles.]]></entry>
    <entry id="str_bark_strange_powders"><![CDATA[J'ai obtenu cette formule dans une lointaine contrée de l'est, elle fait des merveilles.]]></entry>
    <entry id="str_bark_curious_incantation"><![CDATA[Le plus calme des temples prépare aux difficultés avec ces incantations.]]></entry>
    <entry id="antiquarian_weapon_0"><![CDATA[Encensoir improvisé]]></entry>
    <entry id="antiquarian_weapon_1"><![CDATA[Encensoir caustique]]></entry>
    <entry id="antiquarian_weapon_2"><![CDATA[Encensoir béni]]></entry>
    <entry id="antiquarian_weapon_3"><![CDATA[Encensoir cérémoniel]]></entry>
    <entry id="antiquarian_weapon_4"><![CDATA["Le Sarcophage"]]></entry>
    <entry id="upgrade_tree_name_antiquarian.weapon"><![CDATA[Encensoir]]></entry>
    <entry id="antiquarian_armour_0"><![CDATA[Sac à dos & Babioles]]></entry>
    <entry id="antiquarian_armour_1"><![CDATA[Bourses & curiosités]]></entry>
    <entry id="antiquarian_armour_2"><![CDATA[Sacoche solide & Curiosités]]></entry>
    <entry id="antiquarian_armour_3"><![CDATA[Sac d'expédition & Reliques]]></entry>
    <entry id="antiquarian_armour_4"><![CDATA["Sac sans fond de Timurik"]]></entry>
    <entry id="upgrade_tree_name_antiquarian.armour"><![CDATA[Bourses & curiosités]]></entry>
    <entry id="action_verbose_body_guild_antiquarian"><![CDATA[L'Antiquaire est une érudite, une chercheuse et une archéologue confirmée, mais le combat n'est pas sa tasse de thé. Elle est cependant experte en survie : elle assure sa sécurité en se faisant discrète sur le champ de bataille ou en demandant la protection d'un allié. Si l'affrontement est inévitable, l'Antiquaire peut utiliser son encensoir pour soigner et fortifier ses camarades... et empoisonner ses adversaires.]]></entry>
    <entry id="action_verbose_body_blacksmith_antiquarian"><![CDATA[L'Antiquaire ne porte pas d'armure en tant que tel, mais s'appuie sur le pouvoir des nombreux charmes et reliques qu'elle a collectés durant ses voyages. Son oeil expert en matière de raretés est aiguisé par les propriétés troublantes des vapeurs de son encensoir, ce qui peut être utile au groupes lors de rencontres... problématiques.]]></entry>
    <entry id="action_verbose_body_camping_trainer_antiquarian"><![CDATA[Une chercheuse ne se repose jamais ! L'Antiquaire surveille le campement, obtenant des objets de premières nécessité et même des breloques que les autres membres n'ont peut-être pas vues. Ses invocations et poudres étranges ont la réputation d'apaiser les esprits et de renforcer les propriétés physiques.]]></entry>
    <entry id="effect_tooltip_guard_performer"><![CDATA[Force la protection par un allié]]></entry>
    <entry id="hero_class_name_musketeer"><![CDATA[Mousquetaire]]></entry>
    <entry id="combat_skill_name_musketeer_aimed_shot"><![CDATA[Tir de précision]]></entry>
    <entry id="combat_skill_name_musketeer_smokescreen"><![CDATA[Écran de fumée]]></entry>
    <entry id="combat_skill_name_musketeer_call_the_shot"><![CDATA[Dans le mille]]></entry>
    <entry id="combat_skill_name_musketeer_buckshot"><![CDATA[Grenaille]]></entry>
    <entry id="combat_skill_name_musketeer_sidearm"><![CDATA[Arme d'appoint]]></entry>
    <entry id="combat_skill_name_musketeer_patch_up"><![CDATA[Rafistolage]]></entry>
    <entry id="combat_skill_name_musketeer_skeet_shot"><![CDATA[Tir aux claies]]></entry>
    <entry id="combat_skill_name_musketeer_move"><![CDATA[Déplacement]]></entry>
    <entry id="upgrade_tree_name_musketeer.aimed_shot"><![CDATA[Tir de précision]]></entry>
    <entry id="upgrade_tree_name_musketeer.smokescreen"><![CDATA[Écran de fumée]]></entry>
    <entry id="upgrade_tree_name_musketeer.call_the_shot"><![CDATA[Dans le mille]]></entry>
    <entry id="upgrade_tree_name_musketeer.buckshot"><![CDATA[Grenaille]]></entry>
    <entry id="upgrade_tree_name_musketeer.sidearm"><![CDATA[Arme d'appoint]]></entry>
    <entry id="upgrade_tree_name_musketeer.patch_up"><![CDATA[Rafistolage]]></entry>
    <entry id="upgrade_tree_name_musketeer.skeet_shot"><![CDATA[Tir aux claies]]></entry>
    <entry id="camping_skill_name_clean_musket"><![CDATA[NETTOYER LE MOUSQUET]]></entry>
    <entry id="str_bark_restring_crossbow"><![CDATA[Lustré et poli, tu tireras juste maintenant, mon amour.]]></entry>
    <entry id="musketeer_weapon_0"><![CDATA[Mousquet grossier]]></entry>
    <entry id="musketeer_weapon_1"><![CDATA[Mousquet fiable]]></entry>
    <entry id="musketeer_weapon_2"><![CDATA[Mousquet équilibré]]></entry>
    <entry id="musketeer_weapon_3"><![CDATA[Mousquet du tireur d'élite]]></entry>
    <entry id="musketeer_weapon_4"><![CDATA["Infaillible"]]></entry>
    <entry id="upgrade_tree_name_musketeer.weapon"><![CDATA[Mousquet]]></entry>
    <entry id="musketeer_armour_0"><![CDATA[Veste & manteau du participant]]></entry>
    <entry id="musketeer_armour_1"><![CDATA[Veste & manteau du compétiteur]]></entry>
    <entry id="musketeer_armour_2"><![CDATA[Veste & manteau du finaliste]]></entry>
    <entry id="musketeer_armour_3"><![CDATA[Veste & manteau du médaillé]]></entry>
    <entry id="musketeer_armour_4"><![CDATA["Atours du champion"]]></entry>
    <entry id="upgrade_tree_name_musketeer.armour"><![CDATA[Veste & manteau]]></entry>
    <entry id="action_verbose_body_guild_musketeer"><![CDATA[Un tireur de tournoi avec peu d'expérience pratique, le Mousquetaire excelle lorsque les ennemis restent à distance. Son oeil infaillible et sa rapidité de rechargement en font une force de frappe efficace, et son écran de fumée, ses premiers soins et son tir aux claies lui apportent une certaine utilité comme soutien pour le groupe.]]></entry>
    <entry id="action_verbose_body_blacksmith_musketeer"><![CDATA[Bien qu'extérieurement discrets, les atours du Mousquetaire sont renforcés par une armure de cuir durcie dissimulée, lui permettant d'encaisser une quantité considérable de tirs concentrés. Les diverses munitions de son mousquet et sa fidèle arme de ceinture lui permettent d'infliger des dommages handicapants à distance.]]></entry>
    <entry id="action_verbose_body_camping_trainer_musketeer"><![CDATA[Le Mousquetaire comprends que son instrument est délicat, et doit être correctement entretenu pour lui être fidèle au coeur du combat ! Elle est tout autant capable d'appliquer les premiers secours à ses compagnons, ne serait-ce que pour les garder entre elle et sa cible.]]></entry>
    <entry id="town_name_heirloom_exchange"><![CDATA[Échanger des legs]]></entry>
    <entry id="str_inventory_title_gemantiqrelicsmall"><![CDATA[Antiquité mineure]]></entry>
    <entry id="str_inventory_description_gemantiqrelicsmall"><![CDATA[Un objet de collection mineur, qui vaut de l'argent si on les accumule.]]></entry>
    <entry id="str_inventory_title_gemantiqrelic"><![CDATA[Antiquité rare]]></entry>
    <entry id="str_inventory_description_gemantiqrelic"><![CDATA[Une trouvaille de valeur!]]></entry>
    <entry id="camping_skill_effect_loot_S"><![CDATA[Produit une provision aléatoire.]]></entry>
    <entry id="camping_skill_effect_loot_T_ANTIQ_CAMP"><![CDATA[Produit une breloque aléatoire.]]></entry>
    <entry id="upgrade_tree_name_stage_coach.upgraded_recruits"><![CDATA[Recrues expérimentées]]></entry>
    <entry id="upgrade_tree_tooltip_description_stage_coach.upgraded_recruits"><![CDATA[Offre une chance d'obtenir des recrues plus expérimentées dans la diligence.]]></entry>
    <entry id="str_inventory_title_trinketantiq_1"><![CDATA[Sac de billes]]></entry>
    <entry id="str_inventory_title_trinketantiq_2"><![CDATA[Médaillon sanguinolent]]></entry>
    <entry id="str_inventory_title_trinketantiq_3"><![CDATA[Idole de la carapace]]></entry>
    <entry id="str_inventory_title_trinketantiq_4"><![CDATA[Doublon de la flotte]]></entry>
    <entry id="str_inventory_title_trinketantiq_5"><![CDATA[Chandelle de Vie]]></entry>
    <entry id="str_inventory_title_trinketwrathful_hat"><![CDATA[Chapeau haineux]]></entry>
    <entry id="str_inventory_title_trinketbulls_eye_hat"><![CDATA[Chapeau du chapelet]]></entry>
    <entry id="str_inventory_title_trinketmedics_boots"><![CDATA[Bottes de médecin]]></entry>
    <entry id="str_inventory_title_trinketsturdy_boots"><![CDATA[Bottes solides]]></entry>
    <entry id="str_inventory_title_trinketvengeful_boots"><![CDATA[Bottes vengeresses]]></entry>
    <entry id="camping_skill_uses_remaining_format"><![CDATA[Utilisations restantes: %d]]></entry>
    <entry id="str_stage_coach_upgraded_recruits_upgrade_lvl_1"><![CDATA[Des héros de niveau 1 peuvent maintenant apparaître dans la diligence]]></entry>
    <entry id="str_stage_coach_upgraded_recruits_upgrade_lvl_2"><![CDATA[Des héros de niveau 2 peuvent maintenant apparaître dans la diligence]]></entry>
    <entry id="str_stage_coach_upgraded_recruits_upgrade_lvl_3"><![CDATA[Des héros de niveau 3 peuvent maintenant apparaître dans la diligence]]></entry>
  </language>
  <language id="german">
    <entry id="hero_class_name_antiquarian"><![CDATA[Antiquarin]]></entry>
    <entry id="combat_skill_name_antiquarian_kris_stab"><![CDATA[Vorsichtiger Stich]]></entry>
    <entry id="combat_skill_name_antiquarian_festering_vapours"><![CDATA[Ätzende Dämpfe]]></entry>
    <entry id="combat_skill_name_antiquarian_cower"><![CDATA[In Deckung!]]></entry>
    <entry id="combat_skill_name_antiquarian_flashpowder"><![CDATA[Blendpulver]]></entry>
    <entry id="combat_skill_name_antiquarian_fortifying_vapours"><![CDATA[Heilender Rauch]]></entry>
    <entry id="combat_skill_name_antiquarian_invigorating_vapours"><![CDATA[Berauschende Schwaden]]></entry>
    <entry id="combat_skill_name_antiquarian_protect_me"><![CDATA[Beschützt mich!]]></entry>
    <entry id="combat_skill_name_antiquarian_move"><![CDATA[Bewegen]]></entry>
    <entry id="upgrade_tree_name_antiquarian.kris_stab"><![CDATA[Vorsichtiger Stich]]></entry>
    <entry id="upgrade_tree_name_antiquarian.festering_vapours"><![CDATA[Ätzende Dämpfe]]></entry>
    <entry id="upgrade_tree_name_antiquarian.cower"><![CDATA[In Deckung!]]></entry>
    <entry id="upgrade_tree_name_antiquarian.flashpowder"><![CDATA[Blendpulver]]></entry>
    <entry id="upgrade_tree_name_antiquarian.fortifying_vapours"><![CDATA[Heilender Rauch]]></entry>
    <entry id="upgrade_tree_name_antiquarian.invigorating_vapours"><![CDATA[Berauschende Schwaden]]></entry>
    <entry id="upgrade_tree_name_antiquarian.protect_me"><![CDATA[Beschützt mich!]]></entry>
    <entry id="camping_skill_name_supply"><![CDATA[Nachschub]]></entry>
    <entry id="camping_skill_name_trinket_scrounge"><![CDATA[Accessoire zusammenschustern]]></entry>
    <entry id="camping_skill_name_strange_powders"><![CDATA[Sonderbare Pulver]]></entry>
    <entry id="camping_skill_name_curious_incantation"><![CDATA[Eigentümliche Anrufung]]></entry>
    <entry id="str_bark_supply"><![CDATA[Vorbereitung ist das halbe Leben.]]></entry>
    <entry id="str_bark_trinket_scrounge"><![CDATA[Ich habe ein Gespür dafür entwickelt, nützliche Relikte zu entdecken.]]></entry>
    <entry id="str_bark_strange_powders"><![CDATA[Ich fand dies Rezept in fernen Landen.. und es wirkt Wunder.]]></entry>
    <entry id="str_bark_curious_incantation"><![CDATA[Die Ältesten des Tempels bereiten ihren Geist mit diesem Mantra auf schwierige Zeiten vor.]]></entry>
    <entry id="antiquarian_weapon_0"><![CDATA[Flüchtiger Weihrauch]]></entry>
    <entry id="antiquarian_weapon_1"><![CDATA[Beißender Weihrauch]]></entry>
    <entry id="antiquarian_weapon_2"><![CDATA[Geweihter Weihrauch]]></entry>
    <entry id="antiquarian_weapon_3"><![CDATA[Zeromonieller Weihrauch]]></entry>
    <entry id="antiquarian_weapon_4"><![CDATA["Der Sarkophag"]]></entry>
    <entry id="upgrade_tree_name_antiquarian.weapon"><![CDATA[Weihrauch]]></entry>
    <entry id="antiquarian_armour_0"><![CDATA[Rucksack mit Fläschchen]]></entry>
    <entry id="antiquarian_armour_1"><![CDATA[Tasche mit Seltsamkeiten]]></entry>
    <entry id="antiquarian_armour_2"><![CDATA[Robuste Umhängetäsche mit Kuriositäten]]></entry>
    <entry id="antiquarian_armour_3"><![CDATA[Forschungsrucksack mit Relikten]]></entry>
    <entry id="antiquarian_armour_4"><![CDATA["Timuriks bodenloser Beutel"]]></entry>
    <entry id="upgrade_tree_name_antiquarian.armour"><![CDATA[Taschen & Kuriositäten]]></entry>
    <entry id="action_verbose_body_guild_antiquarian"><![CDATA[Gelehrte, Forscherin, Archäologin: die Antiquarin ist vieles, aber keine Kämpferin. Sie ist allerdings Experte, wenn es ums Überleben geht. In brenzligen Situationen hält sie sich im Hintergrund und überlässt ihren Verbündeten den Kampf, und garantiert so ihr Überleben. Ist ein Kampf jedoch unvermeidbar, nutzt sie ihren vielseitigen Weihrauch, um ihren Verbündeten neue Kraft zu verleihen.. oder ihre Feinde zu vergiften.]]></entry>
    <entry id="action_verbose_body_blacksmith_antiquarian"><![CDATA[Die Antiquarin trägt keine nennenswerte Rüstung, sondern verlässt sich auf die Kraft unzähliger uralter Anhänger und Relikte, die sie auf ihren Reisen gesammelt hat. Die unheimlichen Dämpfe ihres Rauchfasses verstärken ihr Gespür für Raritäten noch weiter... oder retten die Gruppe aus so manch brenzliger Situation.]]></entry>
    <entry id="action_verbose_body_camping_trainer_antiquarian"><![CDATA[Eine Entdeckerin rastet nie! Die Antiquarin durchstöbert die Umgebung, stets auf der Suche nach Vorratsgegenständen und Accessoires, die von der Gruppe übersehen wurden. Ihre eigentümlichen Anrufungen und exotischen Pulver beruhigen den Verstand und stärken den Körper.]]></entry>
    <entry id="effect_tooltip_guard_performer"><![CDATA[Erzwungener Schutz durch einen Verbündeten]]></entry>
    <entry id="hero_class_name_musketeer"><![CDATA[Musketierin]]></entry>
    <entry id="combat_skill_name_musketeer_aimed_shot"><![CDATA[Gezielter Schuss]]></entry>
    <entry id="combat_skill_name_musketeer_smokescreen"><![CDATA[Rauchwand]]></entry>
    <entry id="combat_skill_name_musketeer_call_the_shot"><![CDATA[Ziel nennen]]></entry>
    <entry id="combat_skill_name_musketeer_buckshot"><![CDATA[Schrotschuss]]></entry>
    <entry id="combat_skill_name_musketeer_sidearm"><![CDATA[Pistolenschuss]]></entry>
    <entry id="combat_skill_name_musketeer_patch_up"><![CDATA[Zusammenflicken]]></entry>
    <entry id="combat_skill_name_musketeer_skeet_shot"><![CDATA[Fangschuss]]></entry>
    <entry id="combat_skill_name_musketeer_move"><![CDATA[Bewegen]]></entry>
    <entry id="upgrade_tree_name_musketeer.aimed_shot"><![CDATA[Gezielter Schuss]]></entry>
    <entry id="upgrade_tree_name_musketeer.smokescreen"><![CDATA[Rauchwand]]></entry>
    <entry id="upgrade_tree_name_musketeer.call_the_shot"><![CDATA[Ziel nennen]]></entry>
    <entry id="upgrade_tree_name_musketeer.buckshot"><![CDATA[Schrotschuss]]></entry>
    <entry id="upgrade_tree_name_musketeer.sidearm"><![CDATA[Pistolenschuss]]></entry>
    <entry id="upgrade_tree_name_musketeer.patch_up"><![CDATA[Zusammenflicken]]></entry>
    <entry id="upgrade_tree_name_musketeer.skeet_shot"><![CDATA[Fangschuss]]></entry>
    <entry id="camping_skill_name_clean_musket"><![CDATA[MUSKETE REINIGEN]]></entry>
    <entry id="str_bark_restring_crossbow"><![CDATA[Gesäubert und poliert, wirst du dein Ziel nicht verfehlen.]]></entry>
    <entry id="musketeer_weapon_0"><![CDATA[Schäbige Muskete]]></entry>
    <entry id="musketeer_weapon_1"><![CDATA[Zuverlässige Muskete]]></entry>
    <entry id="musketeer_weapon_2"><![CDATA[Ausbalancierte Muskete]]></entry>
    <entry id="musketeer_weapon_3"><![CDATA[Scharfschützenmuskete]]></entry>
    <entry id="musketeer_weapon_4"><![CDATA["Blattschuss"]]></entry>
    <entry id="upgrade_tree_name_musketeer.weapon"><![CDATA[Muskete]]></entry>
    <entry id="musketeer_armour_0"><![CDATA[Weste und Umhang eines Teilnehmers]]></entry>
    <entry id="musketeer_armour_1"><![CDATA[Weste und Umhang eines Wettkämpfers]]></entry>
    <entry id="musketeer_armour_2"><![CDATA[Weste und Umhang eines Finalisten]]></entry>
    <entry id="musketeer_armour_3"><![CDATA[Weste und Umhang eines Medaillengewinners]]></entry>
    <entry id="musketeer_armour_4"><![CDATA["Ornat des Meisters"]]></entry>
    <entry id="upgrade_tree_name_musketeer.armour"><![CDATA[Weste und Umhang]]></entry>
    <entry id="action_verbose_body_guild_musketeer"><![CDATA[Als Wettkampfschützin mit nur wenig Erfahrung im Kampf, glänzt sie vor allem, wenn sie ihren Feinden aus der Distanz begegnen kann. Mit ruhiger Hand und geübtem Blick richtet sie verheerenden Schaden an. Rauchwand, Erste Hilfe und Fangschuss helfen der Gruppe in brenzligen Situationen.]]></entry>
    <entry id="action_verbose_body_blacksmith_musketeer"><![CDATA[Die Weste der Musketierin mag unscheinbar aussehen, doch darunter befindet sich ein mit gehärtetem Leder verstärktes Wams, wodurch sie gezielten Angriffen standhalten kann. Die unterschiedliche Munition ihrer Muskete sowie ihre zuverlässige Pistole ermöglichen es ihr, Gegner aus der Distanz zu schwächen.]]></entry>
    <entry id="action_verbose_body_camping_trainer_musketeer"><![CDATA[Als Musketier weiß sie um die delikate Beschaffenheit ihres Werkzeuges, und dass es richtig gepflegt werden muss, damit es in der Hitze des Gefechts nicht versagt. Mit derselben Sorgfalt kümmert sie sich auch um ihre Verbündeten. Selbst wenn dies nur ist, damit es jemanden gibt, der sich zwischen sie und ihre Angreifer stellt.]]></entry>
    <entry id="town_name_heirloom_exchange"><![CDATA[Erbstücke tauschen]]></entry>
    <entry id="str_inventory_title_gemantiqrelicsmall"><![CDATA[Unbedeutende Antiquität]]></entry>
    <entry id="str_inventory_description_gemantiqrelicsmall"><![CDATA[Ein Sammlerstück von geringem Wert]]></entry>
    <entry id="str_inventory_title_gemantiqrelic"><![CDATA[Seltene Antiquität]]></entry>
    <entry id="str_inventory_description_gemantiqrelic"><![CDATA[Ein wertvoller Fund!]]></entry>
    <entry id="camping_skill_effect_loot_S"><![CDATA[Erschaffe einen zufälligen Vorratsgegenstand.]]></entry>
    <entry id="camping_skill_effect_loot_T_ANTIQ_CAMP"><![CDATA[Erschaffe ein zufälliges Accessoire.]]></entry>
    <entry id="upgrade_tree_name_stage_coach.upgraded_recruits"><![CDATA[Erfahrene Rekruten]]></entry>
    <entry id="upgrade_tree_tooltip_description_stage_coach.upgraded_recruits"><![CDATA[Rekruten höherer Stufe können beim Kutscher erscheinen]]></entry>
    <entry id="str_inventory_title_trinketantiq_1"><![CDATA[Beutel mit Murmeln]]></entry>
    <entry id="str_inventory_title_trinketantiq_2"><![CDATA[Blutüberströmtes Medallion]]></entry>
    <entry id="str_inventory_title_trinketantiq_3"><![CDATA[Tiergötze]]></entry>
    <entry id="str_inventory_title_trinketantiq_4"><![CDATA[Flinke Goldmünze]]></entry>
    <entry id="str_inventory_title_trinketantiq_5"><![CDATA[Kerze des Lebens]]></entry>
    <entry id="str_inventory_title_trinketwrathful_hat"><![CDATA[Hut des Zorns]]></entry>
    <entry id="str_inventory_title_trinketbulls_eye_hat"><![CDATA[Kappe der Treffsicherheit]]></entry>
    <entry id="str_inventory_title_trinketmedics_boots"><![CDATA[Stiefel des Mediziners]]></entry>
    <entry id="str_inventory_title_trinketsturdy_boots"><![CDATA[Robuste Stiefel]]></entry>
    <entry id="str_inventory_title_trinketvengeful_boots"><![CDATA[Stiefel der Rachsucht]]></entry>
    <entry id="camping_skill_uses_remaining_format"><![CDATA[Verbleibende Anwendungen: %d]]></entry>
    <entry id="str_stage_coach_upgraded_recruits_upgrade_lvl_1"><![CDATA[Helden der ersten Stufe können nun beim Kutscher erscheinen.]]></entry>
    <entry id="str_stage_coach_upgraded_recruits_upgrade_lvl_2"><![CDATA[Helden der zweiten Stufe können nun beim Kutscher erscheinen.]]></entry>
    <entry id="str_stage_coach_upgraded_recruits_upgrade_lvl_3"><![CDATA[Helden der dritten Stufe können nun beim Kutscher erscheinen.]]></entry>
  </language>
  <language id="spanish">
    <entry id="hero_class_name_antiquarian"><![CDATA[Anticuaria]]></entry>
    <entry id="combat_skill_name_antiquarian_kris_stab"><![CDATA[Puñalada nerviosa]]></entry>
    <entry id="combat_skill_name_antiquarian_festering_vapours"><![CDATA[Vapores ulcerantes]]></entry>
    <entry id="combat_skill_name_antiquarian_cower"><![CDATA[¡Al suelo!]]></entry>
    <entry id="combat_skill_name_antiquarian_flashpowder"><![CDATA[Polvos cegadores]]></entry>
    <entry id="combat_skill_name_antiquarian_fortifying_vapours"><![CDATA[Vapores fortificantes]]></entry>
    <entry id="combat_skill_name_antiquarian_invigorating_vapours"><![CDATA[Vapores vigorizantes]]></entry>
    <entry id="combat_skill_name_antiquarian_protect_me"><![CDATA[Protégeme]]></entry>
    <entry id="combat_skill_name_antiquarian_move"><![CDATA[Movimiento]]></entry>
    <entry id="upgrade_tree_name_antiquarian.kris_stab"><![CDATA[Puñalada nerviosa]]></entry>
    <entry id="upgrade_tree_name_antiquarian.festering_vapours"><![CDATA[Vapores ulcerantes]]></entry>
    <entry id="upgrade_tree_name_antiquarian.cower"><![CDATA[¡Al suelo!]]></entry>
    <entry id="upgrade_tree_name_antiquarian.flashpowder"><![CDATA[Polvos cegadores]]></entry>
    <entry id="upgrade_tree_name_antiquarian.fortifying_vapours"><![CDATA[Vapores fortificantes]]></entry>
    <entry id="upgrade_tree_name_antiquarian.invigorating_vapours"><![CDATA[Vapores vigorizantes]]></entry>
    <entry id="upgrade_tree_name_antiquarian.protect_me"><![CDATA[Protégeme]]></entry>
    <entry id="camping_skill_name_supply"><![CDATA[Reabastecerse]]></entry>
    <entry id="camping_skill_name_trinket_scrounge"><![CDATA[Descubrir abalorio]]></entry>
    <entry id="camping_skill_name_strange_powders"><![CDATA[Polvos misteriosos]]></entry>
    <entry id="camping_skill_name_curious_incantation"><![CDATA[Conjuro peculiar]]></entry>
    <entry id="str_bark_supply"><![CDATA[Estar preparado suele consistir en saber dónde mirar.]]></entry>
    <entry id="str_bark_trinket_scrounge"><![CDATA[He desarrollado un buen ojo para encontrar reliquias útiles.]]></entry>
    <entry id="str_bark_strange_powders"><![CDATA[Obtuve esta fórmula en el lejano oriente, y es prodigiosa.]]></entry>
    <entry id="str_bark_curious_incantation"><![CDATA[Hasta el templo más pacífico se prepara para las adversidades con este mantra.]]></entry>
    <entry id="antiquarian_weapon_0"><![CDATA[Incensario rudimentario]]></entry>
    <entry id="antiquarian_weapon_1"><![CDATA[Incensario de olor penetrante]]></entry>
    <entry id="antiquarian_weapon_2"><![CDATA[Incensario consagrado]]></entry>
    <entry id="antiquarian_weapon_3"><![CDATA[Incensario ceremonial]]></entry>
    <entry id="antiquarian_weapon_4"><![CDATA[«El sarcófago»]]></entry>
    <entry id="upgrade_tree_name_antiquarian.weapon"><![CDATA[Incensario]]></entry>
    <entry id="antiquarian_armour_0"><![CDATA[Zurrón y baratijas]]></entry>
    <entry id="antiquarian_armour_1"><![CDATA[Bolsas y curiosidades]]></entry>
    <entry id="antiquarian_armour_2"><![CDATA[Morral robusto y rarezas]]></entry>
    <entry id="antiquarian_armour_3"><![CDATA[Mochila de expedición y reliquias]]></entry>
    <entry id="antiquarian_armour_4"><![CDATA[«Bolsa sin fondo de Timurik»]]></entry>
    <entry id="upgrade_tree_name_antiquarian.armour"><![CDATA[Bolsas y curiosidades]]></entry>
    <entry id="action_verbose_body_guild_antiquarian"><![CDATA[Una erudita, investigadora y avezada arqueóloga, la anticuaria no está hecha para el combate. Es, sin embargo, una experta en la autopreservación. Logra sobrevivir pasando inadvertida, o mandándole a un aliado que la proteja. Si el enfrentamiento directo es inevitable, la anticuaria puede emplear su fulminante incensario para sanar y fortalecer a sus aliados... así como intoxicar a los atacantes.]]></entry>
    <entry id="action_verbose_body_blacksmith_antiquarian"><![CDATA[La anticuaria no utiliza ningún tipo de armadura digna de tal nombre, sino que confía en el poder de los innumerables amuletos y reliquias que ha recogido en sus viajes. A su buen ojo para los artefactos raros cabe añadir las inquietantes propiedades de los vapores de su incensario, que pueden prestar ayuda al grupo en los... encuentros problemáticos.]]></entry>
    <entry id="action_verbose_body_camping_trainer_antiquarian"><![CDATA[¡Una investigadora nunca descansa! La anticuaria inspecciona el campamento, hallando artículos de provisiones e incluso abalorios que el grupo podría haber pasado por alto. Es sabido que sus peculiares mantras y extraños polvos pueden sosegar las mentes y aumentar la resistencia física.]]></entry>
    <entry id="effect_tooltip_guard_performer"><![CDATA[Obliga a un aliado a defenderte]]></entry>
    <entry id="hero_class_name_musketeer"><![CDATA[Mosquetera]]></entry>
    <entry id="combat_skill_name_musketeer_aimed_shot"><![CDATA[Disparo apuntado]]></entry>
    <entry id="combat_skill_name_musketeer_smokescreen"><![CDATA[Cortina de humo]]></entry>
    <entry id="combat_skill_name_musketeer_call_the_shot"><![CDATA[Señalar el blanco]]></entry>
    <entry id="combat_skill_name_musketeer_buckshot"><![CDATA[Disparo de perdigones]]></entry>
    <entry id="combat_skill_name_musketeer_sidearm"><![CDATA[Arma corta]]></entry>
    <entry id="combat_skill_name_musketeer_patch_up"><![CDATA[Zurcir heridas]]></entry>
    <entry id="combat_skill_name_musketeer_skeet_shot"><![CDATA[Tiro al plato]]></entry>
    <entry id="combat_skill_name_musketeer_move"><![CDATA[Movimiento]]></entry>
    <entry id="upgrade_tree_name_musketeer.aimed_shot"><![CDATA[Disparo apuntado]]></entry>
    <entry id="upgrade_tree_name_musketeer.smokescreen"><![CDATA[Cortina de humo]]></entry>
    <entry id="upgrade_tree_name_musketeer.call_the_shot"><![CDATA[Señalar el blanco]]></entry>
    <entry id="upgrade_tree_name_musketeer.buckshot"><![CDATA[Disparo de perdigones]]></entry>
    <entry id="upgrade_tree_name_musketeer.sidearm"><![CDATA[Arma corta]]></entry>
    <entry id="upgrade_tree_name_musketeer.patch_up"><![CDATA[Zurcir heridas]]></entry>
    <entry id="upgrade_tree_name_musketeer.skeet_shot"><![CDATA[Tiro al plato]]></entry>
    <entry id="camping_skill_name_clean_musket"><![CDATA[LIMPIAR MOSQUETE]]></entry>
    <entry id="str_bark_restring_crossbow"><![CDATA[Pulido y ajustado, ahora ya no fallarás ni un tiro, mi amor.]]></entry>
    <entry id="musketeer_weapon_0"><![CDATA[Mosquete defectuoso]]></entry>
    <entry id="musketeer_weapon_1"><![CDATA[Mosquete fiable]]></entry>
    <entry id="musketeer_weapon_2"><![CDATA[Mosquete equilibrado]]></entry>
    <entry id="musketeer_weapon_3"><![CDATA[Mosquete de tirador]]></entry>
    <entry id="musketeer_weapon_4"><![CDATA[«Tiro certero»]]></entry>
    <entry id="upgrade_tree_name_musketeer.weapon"><![CDATA[Mosquete]]></entry>
    <entry id="musketeer_armour_0"><![CDATA[Chaleco y capa de aspirante]]></entry>
    <entry id="musketeer_armour_1"><![CDATA[Chaleco y capa de competidor]]></entry>
    <entry id="musketeer_armour_2"><![CDATA[Chaleco y capa de finalista]]></entry>
    <entry id="musketeer_armour_3"><![CDATA[Chaleco y capa de medallista]]></entry>
    <entry id="musketeer_armour_4"><![CDATA[«Los atavíos del campeón»]]></entry>
    <entry id="upgrade_tree_name_musketeer.armour"><![CDATA[Chaleco y capa]]></entry>
    <entry id="action_verbose_body_guild_musketeer"><![CDATA[La mosquetera es una tiradora de torneo con poca experiencia práctica. Su fuerte consiste en liquidar a los enemigos desde lejos. Su puntería infalible y rapidez en recargar le otorgan un gran potencial ofensivo, y sus cortinas de humo, primeros auxilios y tiros al plato proporcionan apoyo a todo el grupo.]]></entry>
    <entry id="action_verbose_body_blacksmith_musketeer"><![CDATA[Aunque su aspecto sea poco llamativo, la parte interior del atuendo de la mosquetera está forrada con cuero endurecido, lo que le permite resistir una considerable cantidad de daño concentrado. Los distintos tipos de munición para su mosquete, así como su fiable arma corta, le permiten infligir a distancia graves daños.]]></entry>
    <entry id="action_verbose_body_camping_trainer_musketeer"><![CDATA[La mosquetera es consciente de que su arma es un instrumento delicado, ¡y debe estar en perfecto estado si ha de depender de ella en el fragor de la batalla! También sabe administrar primeros auxilios a sus camaradas, aunque sea para mantenerlos entre ella y sus blancos.]]></entry>
    <entry id="town_name_heirloom_exchange"><![CDATA[Trocar herencias]]></entry>
    <entry id="str_inventory_title_gemantiqrelicsmall"><![CDATA[Antigüedad menor]]></entry>
    <entry id="str_inventory_description_gemantiqrelicsmall"><![CDATA[Un pequeño artículo de coleccionista, valioso en grandes cantidades.]]></entry>
    <entry id="str_inventory_title_gemantiqrelic"><![CDATA[Antigüedad rara]]></entry>
    <entry id="str_inventory_description_gemantiqrelic"><![CDATA[¡Un valioso hallazgo!]]></entry>
    <entry id="camping_skill_effect_loot_S"><![CDATA[Proporciona una provisión al azar.]]></entry>
    <entry id="camping_skill_effect_loot_T_ANTIQ_CAMP"><![CDATA[Proporciona un abalorio al azar.]]></entry>
    <entry id="upgrade_tree_name_stage_coach.upgraded_recruits"><![CDATA[Reclutas experimentados]]></entry>
    <entry id="upgrade_tree_tooltip_description_stage_coach.upgraded_recruits"><![CDATA[Concede una probabilidad de que en la diligencia lleguen reclutas de mayor nivel]]></entry>
    <entry id="str_inventory_title_trinketantiq_1"><![CDATA[Bolsa de canicas]]></entry>
    <entry id="str_inventory_title_trinketantiq_2"><![CDATA[Medallón de flujo sanguíneo]]></entry>
    <entry id="str_inventory_title_trinketantiq_3"><![CDATA[Ídolo de caparazón]]></entry>
    <entry id="str_inventory_title_trinketantiq_4"><![CDATA[Florín de celeridad]]></entry>
    <entry id="str_inventory_title_trinketantiq_5"><![CDATA[Vela de vida]]></entry>
    <entry id="str_inventory_title_trinketwrathful_hat"><![CDATA[Sombrero iracundo]]></entry>
    <entry id="str_inventory_title_trinketbulls_eye_hat"><![CDATA[Sombrero de puntería]]></entry>
    <entry id="str_inventory_title_trinketmedics_boots"><![CDATA[Botas del médico]]></entry>
    <entry id="str_inventory_title_trinketsturdy_boots"><![CDATA[Botas robustas]]></entry>
    <entry id="str_inventory_title_trinketvengeful_boots"><![CDATA[Botas vengativas]]></entry>
    <entry id="camping_skill_uses_remaining_format"><![CDATA[Usos restantes: %d]]></entry>
    <entry id="str_stage_coach_upgraded_recruits_upgrade_lvl_1"><![CDATA[Ahora en la diligencia pueden llegar héroes de nivel 1]]></entry>
    <entry id="str_stage_coach_upgraded_recruits_upgrade_lvl_2"><![CDATA[Ahora en la diligencia pueden llegar héroes de nivel 2]]></entry>
    <entry id="str_stage_coach_upgraded_recruits_upgrade_lvl_3"><![CDATA[Ahora en la diligencia pueden llegar héroes de nivel 3]]></entry>
  </language>
  <language id="brazilian">
    <entry id="hero_class_name_antiquarian"><![CDATA[Antiquária]]></entry>
    <entry id="combat_skill_name_antiquarian_kris_stab"><![CDATA[Punhalada Nervosa]]></entry>
    <entry id="combat_skill_name_antiquarian_festering_vapours"><![CDATA[Vapores Deteriorantes]]></entry>
    <entry id="combat_skill_name_antiquarian_cower"><![CDATA[Se Abaixe!]]></entry>
    <entry id="combat_skill_name_antiquarian_flashpowder"><![CDATA[Pólvora Ofuscante]]></entry>
    <entry id="combat_skill_name_antiquarian_fortifying_vapours"><![CDATA[Vapores Fortificantes]]></entry>
    <entry id="combat_skill_name_antiquarian_invigorating_vapours"><![CDATA[Vapores Revigorantes]]></entry>
    <entry id="combat_skill_name_antiquarian_protect_me"><![CDATA[Me Proteja]]></entry>
    <entry id="combat_skill_name_antiquarian_move"><![CDATA[Movimento]]></entry>
    <entry id="upgrade_tree_name_antiquarian.kris_stab"><![CDATA[Punhalada Nervosa]]></entry>
    <entry id="upgrade_tree_name_antiquarian.festering_vapours"><![CDATA[Vapores Deteriorantes]]></entry>
    <entry id="upgrade_tree_name_antiquarian.cower"><![CDATA[Se Abaixe!]]></entry>
    <entry id="upgrade_tree_name_antiquarian.flashpowder"><![CDATA[Pólvora Ofuscante]]></entry>
    <entry id="upgrade_tree_name_antiquarian.fortifying_vapours"><![CDATA[Vapores Fortificantes]]></entry>
    <entry id="upgrade_tree_name_antiquarian.invigorating_vapours"><![CDATA[Vapores Revigorantes]]></entry>
    <entry id="upgrade_tree_name_antiquarian.protect_me"><![CDATA[Me Proteja]]></entry>
    <entry id="camping_skill_name_supply"><![CDATA[Ressuprir]]></entry>
    <entry id="camping_skill_name_trinket_scrounge"><![CDATA[Descobrir Preciosidade]]></entry>
    <entry id="camping_skill_name_strange_powders"><![CDATA[Pós Excêntricos]]></entry>
    <entry id="camping_skill_name_curious_incantation"><![CDATA[Encantamento Curioso]]></entry>
    <entry id="str_bark_supply"><![CDATA[Estar preparada é muitas vezes saber onde procurar.]]></entry>
    <entry id="str_bark_trinket_scrounge"><![CDATA[Treinei meus olhos para reconhecerem relíquias utéis.]]></entry>
    <entry id="str_bark_strange_powders"><![CDATA[Eu adquiri está fórmula no leste distante, e é maravilhosa.]]></entry>
    <entry id="str_bark_curious_incantation"><![CDATA[O mais calmo dos templos se prepara para o sofrimento com este mantra.]]></entry>
    <entry id="antiquarian_weapon_0"><![CDATA[Incensário Improvisado]]></entry>
    <entry id="antiquarian_weapon_1"><![CDATA[Incensário Pungente]]></entry>
    <entry id="antiquarian_weapon_2"><![CDATA[Incensário Consagrado]]></entry>
    <entry id="antiquarian_weapon_3"><![CDATA[Incensário Cerimonial]]></entry>
    <entry id="antiquarian_weapon_4"><![CDATA["O Sarcófago"]]></entry>
    <entry id="upgrade_tree_name_antiquarian.weapon"><![CDATA[Incensário]]></entry>
    <entry id="antiquarian_armour_0"><![CDATA[Mochila & Bugigangas]]></entry>
    <entry id="antiquarian_armour_1"><![CDATA[Malotes & Curiosidades]]></entry>
    <entry id="antiquarian_armour_2"><![CDATA[Bolsa de Couro Robusta & Excentricidades]]></entry>
    <entry id="antiquarian_armour_3"><![CDATA[Pacote de expedição & Relíquias]]></entry>
    <entry id="antiquarian_armour_4"><![CDATA["Bolsa sem Fundo de Timurik"]]></entry>
    <entry id="upgrade_tree_name_antiquarian.armour"><![CDATA[Malotes & Curiosidades]]></entry>
    <entry id="action_verbose_body_guild_antiquarian"><![CDATA[Uma erudita, pesquisadora e arqueologista perspicaz, a Antiquária não é apta para o combate.  Ela é, entretanto, uma périta em auto-preservação - ao esquivar-se em uma luta, ou exigindo proteção de um aliado, ela garante sua sobrevivência.  Se combate direto for inevitável, a Antiquária pode usar seu incensário fulminante para curar e fortalecer aliados... e envenenar adversários.]]></entry>
    <entry id="action_verbose_body_blacksmith_antiquarian"><![CDATA[A Antiquária não usa nenhuma armadura digna de menção, preferindo confiar no poder de seus inúmeros amuletos e relíquias antigas que coletou durante suas viagens.  Seu olho para raridades é aprimorado pelas propriedades perturbadoras dos vapores de seu incensário, que podem se provar bem úteis para sua equipe em ...encontros problemáticos.]]></entry>
    <entry id="action_verbose_body_camping_trainer_antiquarian"><![CDATA[Uma pesquisadora nunca descansa!  A Antiquária examina o acampamento, obtendo provisões e até mesmo preciosidades que seus companheiros talvez tenham ignorado.  Suas expressões peculiares e seus pós excêntricos são conhecidos por acalmar mentes, e fortalecer o vigor corporal.]]></entry>
    <entry id="effect_tooltip_guard_performer"><![CDATA[Forçar Proteção por Aliado]]></entry>
    <entry id="hero_class_name_musketeer"><![CDATA[Mosqueteira]]></entry>
    <entry id="combat_skill_name_musketeer_aimed_shot"><![CDATA[Tiro Concentrado]]></entry>
    <entry id="combat_skill_name_musketeer_smokescreen"><![CDATA[Cortina de Fumaça]]></entry>
    <entry id="combat_skill_name_musketeer_call_the_shot"><![CDATA[Ordernar Tiro]]></entry>
    <entry id="combat_skill_name_musketeer_buckshot"><![CDATA[Buckshot]]></entry>
    <entry id="combat_skill_name_musketeer_sidearm"><![CDATA[Arma Secundária]]></entry>
    <entry id="combat_skill_name_musketeer_patch_up"><![CDATA[Remendar]]></entry>
    <entry id="combat_skill_name_musketeer_skeet_shot"><![CDATA[Tiro ao Alvo]]></entry>
    <entry id="combat_skill_name_musketeer_move"><![CDATA[Movimento]]></entry>
    <entry id="upgrade_tree_name_musketeer.aimed_shot"><![CDATA[Tiro Concentrado]]></entry>
    <entry id="upgrade_tree_name_musketeer.smokescreen"><![CDATA[Cortina de Fumaça]]></entry>
    <entry id="upgrade_tree_name_musketeer.call_the_shot"><![CDATA[Ordernar Tiro]]></entry>
    <entry id="upgrade_tree_name_musketeer.buckshot"><![CDATA[Buckshot]]></entry>
    <entry id="upgrade_tree_name_musketeer.sidearm"><![CDATA[Arma Secundária]]></entry>
    <entry id="upgrade_tree_name_musketeer.patch_up"><![CDATA[Remendar]]></entry>
    <entry id="upgrade_tree_name_musketeer.skeet_shot"><![CDATA[Tiro ao Alvo]]></entry>
    <entry id="camping_skill_name_clean_musket"><![CDATA[LIMPAR MOSQUETE]]></entry>
    <entry id="str_bark_restring_crossbow"><![CDATA[Refinado e polido, atirará de verdade agora, meu amor.]]></entry>
    <entry id="musketeer_weapon_0"><![CDATA[Mosquete Defeituoso]]></entry>
    <entry id="musketeer_weapon_1"><![CDATA[Mosquete Confiável]]></entry>
    <entry id="musketeer_weapon_2"><![CDATA[Mosquete Balanceado]]></entry>
    <entry id="musketeer_weapon_3"><![CDATA[Mosquete de Artilheiro]]></entry>
    <entry id="musketeer_weapon_4"><![CDATA["Disparo Perfeito"]]></entry>
    <entry id="upgrade_tree_name_musketeer.weapon"><![CDATA[Mosquete]]></entry>
    <entry id="musketeer_armour_0"><![CDATA[Colete & Capa do Participante]]></entry>
    <entry id="musketeer_armour_1"><![CDATA[Colete & Capa do Competidor]]></entry>
    <entry id="musketeer_armour_2"><![CDATA[Colete & Capa do Finalista]]></entry>
    <entry id="musketeer_armour_3"><![CDATA[Colete & Capa do Medalhista]]></entry>
    <entry id="musketeer_armour_4"><![CDATA["As Ínsignias do Campeão"]]></entry>
    <entry id="upgrade_tree_name_musketeer.armour"><![CDATA[Colete & Capa]]></entry>
    <entry id="action_verbose_body_guild_musketeer"><![CDATA[Uma atiradora de elite competitiva com pouca experiência prática, a Mosqueteira se destaca quando seus inimigos estão distantes.  Sua visão precisa e recarregamento treinado fazem dela uma causadora de dano confiável, e sua cortina de fumaça, primeiros socorros e tiro al alvo fornecem suportes úteis para a equipe.]]></entry>
    <entry id="action_verbose_body_blacksmith_musketeer"><![CDATA[Mesmo parecendo bem discreta, os equipamentos da Mosqueteira são reforçados com couro curtido, permitindo que ela possa atirar muitas vezes. A munição versátil de seu mosquete e sua segunda arma permitem que ela cause dano debilitante à distância.]]></entry>
    <entry id="action_verbose_body_camping_trainer_musketeer"><![CDATA[A Mosqueteira entende que sua arma é um delicado instrumento e deve ser preservada adequadamente para que seja confiável no calor da batalha!  Ela é igualmente apta a providenciar primeiros socorros para seus companheiros, mesmo que só para mantê-los entre ela e seus alvos.]]></entry>
    <entry id="town_name_heirloom_exchange"><![CDATA[Trade Heirlooms]]></entry>
    <entry id="str_inventory_title_gemantiqrelicsmall"><![CDATA[Antiguidade Ordinária]]></entry>
    <entry id="str_inventory_description_gemantiqrelicsmall"><![CDATA[Um colecionável comum, valioso em montes.]]></entry>
    <entry id="str_inventory_title_gemantiqrelic"><![CDATA[Antiguidade Rara]]></entry>
    <entry id="str_inventory_description_gemantiqrelic"><![CDATA[Uma descoberta valiosa!]]></entry>
    <entry id="camping_skill_effect_loot_S"><![CDATA[Produz uma provisão aleatória.]]></entry>
    <entry id="camping_skill_effect_loot_T_ANTIQ_CAMP"><![CDATA[Produz uma preciosidade aleatória.]]></entry>
    <entry id="upgrade_tree_name_stage_coach.upgraded_recruits"><![CDATA[Recrutas Experientes]]></entry>
    <entry id="upgrade_tree_tooltip_description_stage_coach.upgraded_recruits"><![CDATA[Proporciona uma chance de recrutas de maior nível aparecerem na Carruagem.]]></entry>
    <entry id="str_inventory_title_trinketantiq_1"><![CDATA[Saco de Chimbras]]></entry>
    <entry id="str_inventory_title_trinketantiq_2"><![CDATA[Medalhão do Sangue Límpido]]></entry>
    <entry id="str_inventory_title_trinketantiq_3"><![CDATA[Ídolo Carapaço]]></entry>
    <entry id="str_inventory_title_trinketantiq_4"><![CDATA[Florim da Frota]]></entry>
    <entry id="str_inventory_title_trinketantiq_5"><![CDATA[Vela da Vida]]></entry>
    <entry id="str_inventory_title_trinketwrathful_hat"><![CDATA[Chapéu da Ira]]></entry>
    <entry id="str_inventory_title_trinketbulls_eye_hat"><![CDATA[Chapéu do Tiro Certeiro]]></entry>
    <entry id="str_inventory_title_trinketmedics_boots"><![CDATA[Botas Medicinais]]></entry>
    <entry id="str_inventory_title_trinketsturdy_boots"><![CDATA[Botas Resistentes]]></entry>
    <entry id="str_inventory_title_trinketvengeful_boots"><![CDATA[Botas Vingativas]]></entry>
    <entry id="camping_skill_uses_remaining_format"><![CDATA[Usos Sobrando: %d]]></entry>
    <entry id="str_stage_coach_upgraded_recruits_upgrade_lvl_1"><![CDATA[Heróis de nível 1 podem agora aparecer na Carruagem]]></entry>
    <entry id="str_stage_coach_upgraded_recruits_upgrade_lvl_2"><![CDATA[Heróis de nível 2 podem agora aparecer na Carruagem]]></entry>
    <entry id="str_stage_coach_upgraded_recruits_upgrade_lvl_3"><![CDATA[Heróis de nível 3 podem agora aparecer na Carruagem]]></entry>
  </language>
  <language id="russian">
    <entry id="hero_class_name_antiquarian"><![CDATA[Антиквар]]></entry>
    <entry id="combat_skill_name_antiquarian_kris_stab"><![CDATA[Робкий выпад]]></entry>
    <entry id="combat_skill_name_antiquarian_festering_vapours"><![CDATA[Едкие испарения]]></entry>
    <entry id="combat_skill_name_antiquarian_cower"><![CDATA[Ложись!]]></entry>
    <entry id="combat_skill_name_antiquarian_flashpowder"><![CDATA[Слепящий порошок]]></entry>
    <entry id="combat_skill_name_antiquarian_fortifying_vapours"><![CDATA[Укрепляющие благовония]]></entry>
    <entry id="combat_skill_name_antiquarian_invigorating_vapours"><![CDATA[Бодрящие благовония]]></entry>
    <entry id="combat_skill_name_antiquarian_protect_me"><![CDATA[Защити меня]]></entry>
    <entry id="combat_skill_name_antiquarian_move"><![CDATA[Перемещение]]></entry>
    <entry id="upgrade_tree_name_antiquarian.kris_stab"><![CDATA[Робкий выпад]]></entry>
    <entry id="upgrade_tree_name_antiquarian.festering_vapours"><![CDATA[Едкие испарения]]></entry>
    <entry id="upgrade_tree_name_antiquarian.cower"><![CDATA[Ложись!]]></entry>
    <entry id="upgrade_tree_name_antiquarian.flashpowder"><![CDATA[Слепящий порошок]]></entry>
    <entry id="upgrade_tree_name_antiquarian.fortifying_vapours"><![CDATA[Укрепляющие благовония]]></entry>
    <entry id="upgrade_tree_name_antiquarian.invigorating_vapours"><![CDATA[Бодрящие благовония]]></entry>
    <entry id="upgrade_tree_name_antiquarian.protect_me"><![CDATA[Защити меня]]></entry>
    <entry id="camping_skill_name_supply"><![CDATA[Пополнение запасов]]></entry>
    <entry id="camping_skill_name_trinket_scrounge"><![CDATA[Поискать артефакт]]></entry>
    <entry id="camping_skill_name_strange_powders"><![CDATA[Подозрительные порошки]]></entry>
    <entry id="camping_skill_name_curious_incantation"><![CDATA[Загадочное заклинание]]></entry>
    <entry id="str_bark_supply"><![CDATA[Полдела сделано, коль знаешь где искать.]]></entry>
    <entry id="str_bark_trinket_scrounge"><![CDATA[Мой взор реликвий не пропустит.]]></entry>
    <entry id="str_bark_strange_powders"><![CDATA[Ты удивишься силе этого рецепта, что я узнала у восточных мудрецов.]]></entry>
    <entry id="str_bark_curious_incantation"><![CDATA[Монахи самых тихих храмов готовы с мантрой этой ко всему.]]></entry>
    <entry id="antiquarian_weapon_0"><![CDATA[Самодельное кадило]]></entry>
    <entry id="antiquarian_weapon_1"><![CDATA[Чадящее кадило]]></entry>
    <entry id="antiquarian_weapon_2"><![CDATA[Освященное кадило]]></entry>
    <entry id="antiquarian_weapon_3"><![CDATA[Церемониальное кадило]]></entry>
    <entry id="antiquarian_weapon_4"><![CDATA["Саркофаг"]]></entry>
    <entry id="upgrade_tree_name_antiquarian.weapon"><![CDATA[Кадило]]></entry>
    <entry id="antiquarian_armour_0"><![CDATA[Мешок с безделушками]]></entry>
    <entry id="antiquarian_armour_1"><![CDATA[Кисет с диковинками]]></entry>
    <entry id="antiquarian_armour_2"><![CDATA[Прочный ранец с раритетами]]></entry>
    <entry id="antiquarian_armour_3"><![CDATA[Экспедиционный рюкзак с реликвиями]]></entry>
    <entry id="antiquarian_armour_4"><![CDATA["Бездонный мешок Тимурика"]]></entry>
    <entry id="upgrade_tree_name_antiquarian.armour"><![CDATA[Сумка с амулетами]]></entry>
    <entry id="action_verbose_body_guild_antiquarian"><![CDATA[Ученая, исследователь и любознательный археолог, Антиквар не приспособлена для битвы. Зато она эксперт по части самосохранения и обеспечивает собственную безопасность, укрываясь от врагов и требуя защиты от союзников. Если же прямое столкновение неизбежно, Антиквар пустит в ход чадящее кадило, чтобы вылечить и взбодрить союзников... или отравить врагов.]]></entry>
    <entry id="action_verbose_body_blacksmith_antiquarian"><![CDATA[У Антиквара нет брони как таковой. Взамен она полагается на бесчисленные древние амулеты и реликвии, подобранные в предыдущих странствиях. Ее нюх на раритеты обострен подозрительными свойствами паров кадила, которые могут пригодиться и всей команде в... непростых ситуациях.]]></entry>
    <entry id="action_verbose_body_camping_trainer_antiquarian"><![CDATA[Исследователю нет покоя! Антиквар осматривает лагерь в поисках провизии и даже артефактов, укрытых от глаз остальной команды. Ее странные бормотания и подозрительные порошки помогут успокоить рассудок и закалить тело.]]></entry>
    <entry id="effect_tooltip_guard_performer"><![CDATA[Прикрыться соратником]]></entry>
    <entry id="hero_class_name_musketeer"><![CDATA[Мушкетер]]></entry>
    <entry id="combat_skill_name_musketeer_aimed_shot"><![CDATA[Прицельный выстрел]]></entry>
    <entry id="combat_skill_name_musketeer_smokescreen"><![CDATA[Дымовая завеса]]></entry>
    <entry id="combat_skill_name_musketeer_call_the_shot"><![CDATA[Указать цель]]></entry>
    <entry id="combat_skill_name_musketeer_buckshot"><![CDATA[Картечь]]></entry>
    <entry id="combat_skill_name_musketeer_sidearm"><![CDATA[Пистолет]]></entry>
    <entry id="combat_skill_name_musketeer_patch_up"><![CDATA[Подлечить]]></entry>
    <entry id="combat_skill_name_musketeer_skeet_shot"><![CDATA[Выстрел навскидку]]></entry>
    <entry id="combat_skill_name_musketeer_move"><![CDATA[Перемещение]]></entry>
    <entry id="upgrade_tree_name_musketeer.aimed_shot"><![CDATA[Прицельный выстрел]]></entry>
    <entry id="upgrade_tree_name_musketeer.smokescreen"><![CDATA[Дымовая завеса]]></entry>
    <entry id="upgrade_tree_name_musketeer.call_the_shot"><![CDATA[Указать цель]]></entry>
    <entry id="upgrade_tree_name_musketeer.buckshot"><![CDATA[Картечь]]></entry>
    <entry id="upgrade_tree_name_musketeer.sidearm"><![CDATA[Пистолет]]></entry>
    <entry id="upgrade_tree_name_musketeer.patch_up"><![CDATA[Подлечить]]></entry>
    <entry id="upgrade_tree_name_musketeer.skeet_shot"><![CDATA[Выстрел навскидку]]></entry>
    <entry id="camping_skill_name_clean_musket"><![CDATA[ЧИСТКА И СМАЗКА МУШКЕТА]]></entry>
    <entry id="str_bark_restring_crossbow"><![CDATA[Лоснясь от смазки, рази врага без промаха, моя любовь.]]></entry>
    <entry id="musketeer_weapon_0"><![CDATA[Ржавый мушкет]]></entry>
    <entry id="musketeer_weapon_1"><![CDATA[Надежный мушкет]]></entry>
    <entry id="musketeer_weapon_2"><![CDATA[Пристрелянный мушкет]]></entry>
    <entry id="musketeer_weapon_3"><![CDATA[Снайперский мушкет]]></entry>
    <entry id="musketeer_weapon_4"><![CDATA["Кукушка"]]></entry>
    <entry id="upgrade_tree_name_musketeer.weapon"><![CDATA[Мушкет]]></entry>
    <entry id="musketeer_armour_0"><![CDATA[Дублет и плащ новичка]]></entry>
    <entry id="musketeer_armour_1"><![CDATA[Дублет и плащ участника]]></entry>
    <entry id="musketeer_armour_2"><![CDATA[Дублет и плащ призёра]]></entry>
    <entry id="musketeer_armour_3"><![CDATA[Дублет и плащ финалиста]]></entry>
    <entry id="musketeer_armour_4"><![CDATA["Облачение чемпиона"]]></entry>
    <entry id="upgrade_tree_name_musketeer.armour"><![CDATA[Дублет и плащ]]></entry>
    <entry id="action_verbose_body_guild_musketeer"><![CDATA[Азартный стрелок без серьезного боевого опыта, Мушкетер предпочитает держать противников на расстоянии. Ее верный глаз и отточенный опыт перезарядки делают Мушкетера надежной ударной силой, а дымовая завеса, перевязка и выстрел навскидку послужат неплохой поддержкой команде.]]></entry>
    <entry id="action_verbose_body_blacksmith_musketeer"><![CDATA[Неброское с виду облачение Мушкетера подбито дублёной кожей, уберегающей от многих яростных атак. Разнообразие боеприпасов ее мушкета и верный пистолет позволяют изматывать врагов на расстоянии.]]></entry>
    <entry id="action_verbose_body_camping_trainer_musketeer"><![CDATA[Мушкетер понимает, насколько хрупко ее оружие, и что правильное обслуживание необходимо для надежной стрельбы в пылу сражения. Умела она и в оказании первой помощи соратникам - пусть и для того, чтобы прикрываться ими от врагов.]]></entry>
    <entry id="town_name_heirloom_exchange"><![CDATA[Обмен фамильных ценностей]]></entry>
    <entry id="str_inventory_title_gemantiqrelicsmall"><![CDATA[Небольшая антикварная вещь]]></entry>
    <entry id="str_inventory_description_gemantiqrelicsmall"><![CDATA[Небольшой раритет, стоит денег оптом.]]></entry>
    <entry id="str_inventory_title_gemantiqrelic"><![CDATA[Редкая антикварная вещь]]></entry>
    <entry id="str_inventory_description_gemantiqrelic"><![CDATA[Ценная находка!]]></entry>
    <entry id="camping_skill_effect_loot_S"><![CDATA[Обнаруживает случайные припасы.]]></entry>
    <entry id="camping_skill_effect_loot_T_ANTIQ_CAMP"><![CDATA[Обнаруживает случайный артефакт.]]></entry>
    <entry id="upgrade_tree_name_stage_coach.upgraded_recruits"><![CDATA[Опытные рекруты]]></entry>
    <entry id="upgrade_tree_tooltip_description_stage_coach.upgraded_recruits"><![CDATA[Повышает шанс прибытия с дилижансом героев более высокого уровня.]]></entry>
    <entry id="str_inventory_title_trinketantiq_1"><![CDATA[Мешочек жемчужин]]></entry>
    <entry id="str_inventory_title_trinketantiq_2"><![CDATA[Медальон из гематита]]></entry>
    <entry id="str_inventory_title_trinketantiq_3"><![CDATA[Хитиновый божок]]></entry>
    <entry id="str_inventory_title_trinketantiq_4"><![CDATA[Флотская гинея]]></entry>
    <entry id="str_inventory_title_trinketantiq_5"><![CDATA[Светец жизни]]></entry>
    <entry id="str_inventory_title_trinketwrathful_hat"><![CDATA[Гневная шляпа]]></entry>
    <entry id="str_inventory_title_trinketbulls_eye_hat"><![CDATA[Шляпа снайпера]]></entry>
    <entry id="str_inventory_title_trinketmedics_boots"><![CDATA[Сапоги медика]]></entry>
    <entry id="str_inventory_title_trinketsturdy_boots"><![CDATA[Крепкие сапоги]]></entry>
    <entry id="str_inventory_title_trinketvengeful_boots"><![CDATA[Сапоги отмщения]]></entry>
    <entry id="camping_skill_uses_remaining_format"><![CDATA[Осталось использований: %d]]></entry>
    <entry id="str_stage_coach_upgraded_recruits_upgrade_lvl_1"><![CDATA[С дилижансом могут прибыть герои первого уровня.]]></entry>
    <entry id="str_stage_coach_upgraded_recruits_upgrade_lvl_2"><![CDATA[С дилижансом могут прибыть герои второго уровня.]]></entry>
    <entry id="str_stage_coach_upgraded_recruits_upgrade_lvl_3"><![CDATA[С дилижансом могут прибыть герои третьего уровня.]]></entry>
  </language>
  <language id="polish">
    <entry id="hero_class_name_antiquarian"><![CDATA[Antykwariuszka]]></entry>
    <entry id="combat_skill_name_antiquarian_kris_stab"><![CDATA[Nerwowe Dźgnięcie]]></entry>
    <entry id="combat_skill_name_antiquarian_festering_vapours"><![CDATA[Ropotwórcze Opary]]></entry>
    <entry id="combat_skill_name_antiquarian_cower"><![CDATA[Padnij!]]></entry>
    <entry id="combat_skill_name_antiquarian_flashpowder"><![CDATA[Proch Błyskowy]]></entry>
    <entry id="combat_skill_name_antiquarian_fortifying_vapours"><![CDATA[Umacniające Opary]]></entry>
    <entry id="combat_skill_name_antiquarian_invigorating_vapours"><![CDATA[Orzeźwiające Opary]]></entry>
    <entry id="combat_skill_name_antiquarian_protect_me"><![CDATA[Chroń Mnie]]></entry>
    <entry id="combat_skill_name_antiquarian_move"><![CDATA[Przesunięcie]]></entry>
    <entry id="upgrade_tree_name_antiquarian.kris_stab"><![CDATA[Nerwowe Dźgnięcie]]></entry>
    <entry id="upgrade_tree_name_antiquarian.festering_vapours"><![CDATA[Ropotwórcze Opary]]></entry>
    <entry id="upgrade_tree_name_antiquarian.cower"><![CDATA[Padnij!]]></entry>
    <entry id="upgrade_tree_name_antiquarian.flashpowder"><![CDATA[Proch Błyskowy]]></entry>
    <entry id="upgrade_tree_name_antiquarian.fortifying_vapours"><![CDATA[Umacniające Opary]]></entry>
    <entry id="upgrade_tree_name_antiquarian.invigorating_vapours"><![CDATA[Orzeźwiające Opary]]></entry>
    <entry id="upgrade_tree_name_antiquarian.protect_me"><![CDATA[Chroń Mnie]]></entry>
    <entry id="camping_skill_name_supply"><![CDATA[Zaopatrzenie]]></entry>
    <entry id="camping_skill_name_trinket_scrounge"><![CDATA[Myszkowanie]]></entry>
    <entry id="camping_skill_name_strange_powders"><![CDATA[Dziwne Proszki]]></entry>
    <entry id="camping_skill_name_curious_incantation"><![CDATA[Osobliwa Inkantacja]]></entry>
    <entry id="str_bark_supply"><![CDATA[Wiedz gdzie szukać, a znajdziesz rozwiązanie na wszystko.]]></entry>
    <entry id="str_bark_trinket_scrounge"><![CDATA[Mam oko do takich błyskotek.]]></entry>
    <entry id="str_bark_strange_powders"><![CDATA[Zdobyłam tą mieszankę na dalekim wschodzie. Niesamowita, czyż nie?]]></entry>
    <entry id="str_bark_curious_incantation"><![CDATA[W obliczu niedoli, te słowa uchowują całe świątynie.]]></entry>
    <entry id="antiquarian_weapon_0"><![CDATA[Prowizoryczna Kadzielnica]]></entry>
    <entry id="antiquarian_weapon_1"><![CDATA[Drażniąca Kadzielnica]]></entry>
    <entry id="antiquarian_weapon_2"><![CDATA[Poświęcona Kadzielnica]]></entry>
    <entry id="antiquarian_weapon_3"><![CDATA[Obrzędowa Kadzielnica]]></entry>
    <entry id="antiquarian_weapon_4"><![CDATA["Sarkofag"]]></entry>
    <entry id="upgrade_tree_name_antiquarian.weapon"><![CDATA[Kadzielnica]]></entry>
    <entry id="antiquarian_armour_0"><![CDATA[Plecak i Świecidełka]]></entry>
    <entry id="antiquarian_armour_1"><![CDATA[Sakwy i Kurioza]]></entry>
    <entry id="antiquarian_armour_2"><![CDATA[Mocna Torba i Cudeńka]]></entry>
    <entry id="antiquarian_armour_3"><![CDATA[Sakwojaż i Relikwie]]></entry>
    <entry id="antiquarian_armour_4"><![CDATA["Bezdenna Torba Timurika"]]></entry>
    <entry id="upgrade_tree_name_antiquarian.armour"><![CDATA[Sakwy i Kurioza]]></entry>
    <entry id="action_verbose_body_guild_antiquarian"><![CDATA[Uczona, badaczka, i archeolog z powołania, Antykwariuszka nie odnajduje się w boju. Jednakże, jest ekspertką w sztuce przetrwania – poprzez ukrywanie się w walce, czy rządanie od sojuszników ochrony, zapewnia sobie bezpieczeństwo. Jeżeli bezpośrednie starcie jest nieuniknione, Antykwariuszka może wykorzystać swoją kopcącą kadzielnicę aby leczyć i orzeźwiać sojuszników... oraz truć przeciwników.]]></entry>
    <entry id="action_verbose_body_blacksmith_antiquarian"><![CDATA[Antykwariuszkę nie zdobi może najtwardszy z pancerzy, ale chroni ją moc ukryta w niezliczonych, starożytnych relikwiach i amuletach zebranych podczas dalekich podróży. Jej kunszt wspomagają zadziwiające właściwości jej kadzielnicy, które mogą okazać się przydatne dla drużyny w radzeniu sobie w... problematycznych sytuacjach.]]></entry>
    <entry id="action_verbose_body_camping_trainer_antiquarian"><![CDATA[Badacz nigdy nie odpoczywa! Antykwariuszka przeczesuje okolice obozowiska, odnajdując zaopatrzenie, a nawet błyskotki, które drużyna mogła przeoczyć. Jej osobliwe inkantacje i tajemnicze proszki są znane ze swojego kojącego wpływu, pokrzepiającego ducha i ciało.]]></entry>
    <entry id="effect_tooltip_guard_performer"><![CDATA[Zmusza Sprzymierzeńca do Bronienia]]></entry>
    <entry id="hero_class_name_musketeer"><![CDATA[Muszkieterka]]></entry>
    <entry id="combat_skill_name_musketeer_aimed_shot"><![CDATA[Wycelowany Strzał]]></entry>
    <entry id="combat_skill_name_musketeer_smokescreen"><![CDATA[Zasłona Dymna]]></entry>
    <entry id="combat_skill_name_musketeer_call_the_shot"><![CDATA[Na Muszce]]></entry>
    <entry id="combat_skill_name_musketeer_buckshot"><![CDATA[Strzał Śrutem]]></entry>
    <entry id="combat_skill_name_musketeer_sidearm"><![CDATA[Gnat]]></entry>
    <entry id="combat_skill_name_musketeer_patch_up"><![CDATA[Opatrunek]]></entry>
    <entry id="combat_skill_name_musketeer_skeet_shot"><![CDATA[Raca]]></entry>
    <entry id="combat_skill_name_musketeer_move"><![CDATA[Przesunięcie]]></entry>
    <entry id="upgrade_tree_name_musketeer.aimed_shot"><![CDATA[Wycelowany Strzał]]></entry>
    <entry id="upgrade_tree_name_musketeer.smokescreen"><![CDATA[Zasłona Dymna]]></entry>
    <entry id="upgrade_tree_name_musketeer.call_the_shot"><![CDATA[Na Muszce]]></entry>
    <entry id="upgrade_tree_name_musketeer.buckshot"><![CDATA[Strzał Śrutem]]></entry>
    <entry id="upgrade_tree_name_musketeer.sidearm"><![CDATA[Gnat]]></entry>
    <entry id="upgrade_tree_name_musketeer.patch_up"><![CDATA[Opatrunek]]></entry>
    <entry id="upgrade_tree_name_musketeer.skeet_shot"><![CDATA[Raca]]></entry>
    <entry id="camping_skill_name_clean_musket"><![CDATA[PRZECZYŚĆ MUSZKIET]]></entry>
    <entry id="str_bark_restring_crossbow"><![CDATA[Wyregulowany, wypolerowany. Teraz masz tylko trafiać, kochaniutki.]]></entry>
    <entry id="musketeer_weapon_0"><![CDATA[Tandetny Muszkiet]]></entry>
    <entry id="musketeer_weapon_1"><![CDATA[Niezawodny Muszkiet]]></entry>
    <entry id="musketeer_weapon_2"><![CDATA[Wyważony Muszkiet]]></entry>
    <entry id="musketeer_weapon_3"><![CDATA[Muszkiet Wyborowy]]></entry>
    <entry id="musketeer_weapon_4"><![CDATA["Niechybiający"]]></entry>
    <entry id="upgrade_tree_name_musketeer.weapon"><![CDATA[Muszkiet]]></entry>
    <entry id="musketeer_armour_0"><![CDATA[Kamizelka i Płaszcz Nowicjuszki]]></entry>
    <entry id="musketeer_armour_1"><![CDATA[Kamizelka i Płaszcz Zawodniczki]]></entry>
    <entry id="musketeer_armour_2"><![CDATA[Kamizelka i Płaszcz Finalistki]]></entry>
    <entry id="musketeer_armour_3"><![CDATA[Kamizelka i Płaszcz Medalistki]]></entry>
    <entry id="musketeer_armour_4"><![CDATA["Regalia Mistrzyni"]]></entry>
    <entry id="upgrade_tree_name_musketeer.armour"><![CDATA[Kamizelka i Płaszcz]]></entry>
    <entry id="action_verbose_body_guild_musketeer"><![CDATA[Strzelczyni-entuzjastka z niewielkim zapasem praktycznego doświadczenia, Muszkieterka jest najsprawniejsza wtedy, gdy jej wrogowie znajdują się w oddali. Sokoli wzrok i wprawne przeładowywanie czynią z niej żołnierza godnego zaufania, który poza zadawaniem obrażeń potrafi również wspierać drużynę zasłoną dymną, pierwszą pomocą oraz flarami.]]></entry>
    <entry id="action_verbose_body_blacksmith_musketeer"><![CDATA[Chociaż niepozorne, szaty Muszkieterki są wyłożone wzmocnioną skórą, co zapewnia przyzwoitą ochronę przed wrogim natarciem. Jej zapas zróżnicowanej amunicji do Muszkietu oraz niezawodny pistolet to wyborowe narzędzia do zadawania druzgocących obrażeń w walce dystansowej.]]></entry>
    <entry id="action_verbose_body_camping_trainer_musketeer"><![CDATA[Muszkieterka wie, że jej broń to delikatne narzędzie, wymagające skrupulatnej konserwacji dla sprawnego działania w ogniu walki! Jest równie drobiazgowa podczas kurowania swoich towarzyszy, nawet jeśli tylko po to, aby ci mogli ustać na nogach i zająć sobą jej cele.]]></entry>
    <entry id="town_name_heirloom_exchange"><![CDATA[Wymień Pamiątki]]></entry>
    <entry id="str_inventory_title_gemantiqrelicsmall"><![CDATA[Pomniejszy Antyk]]></entry>
    <entry id="str_inventory_description_gemantiqrelicsmall"><![CDATA[Drobna znajdźka, warta nieco grosza.]]></entry>
    <entry id="str_inventory_title_gemantiqrelic"><![CDATA[Rzadki Antyk]]></entry>
    <entry id="str_inventory_description_gemantiqrelic"><![CDATA[Drogocenne znalezisko!]]></entry>
    <entry id="camping_skill_effect_loot_S"><![CDATA[Tworzy nowy przedmiot z kategorii zapasów.]]></entry>
    <entry id="camping_skill_effect_loot_T_ANTIQ_CAMP"><![CDATA[Tworzy losową błyskotkę.]]></entry>
    <entry id="upgrade_tree_name_stage_coach.upgraded_recruits"><![CDATA[Doświadczeni Rekruci]]></entry>
    <entry id="upgrade_tree_tooltip_description_stage_coach.upgraded_recruits"><![CDATA[Daje szansę na pojawienie się rekrutów z wyższym poziomem doświadczenia w Dyliżansie.]]></entry>
    <entry id="str_inventory_title_trinketantiq_1"><![CDATA[Woreczek Kulek Duńskich]]></entry>
    <entry id="str_inventory_title_trinketantiq_2"><![CDATA[Talizman Tętna]]></entry>
    <entry id="str_inventory_title_trinketantiq_3"><![CDATA[Pancerny Bożek]]></entry>
    <entry id="str_inventory_title_trinketantiq_4"><![CDATA[Gibki Grosz]]></entry>
    <entry id="str_inventory_title_trinketantiq_5"><![CDATA[Świeca Życia]]></entry>
    <entry id="str_inventory_title_trinketwrathful_hat"><![CDATA[Kapelusz Amoku]]></entry>
    <entry id="str_inventory_title_trinketbulls_eye_hat"><![CDATA[Kapelusz Kanonady]]></entry>
    <entry id="str_inventory_title_trinketmedics_boots"><![CDATA[Buty Medyka]]></entry>
    <entry id="str_inventory_title_trinketsturdy_boots"><![CDATA[Tęgie Kamasze]]></entry>
    <entry id="str_inventory_title_trinketvengeful_boots"><![CDATA[Mściwe Trzewiki]]></entry>
    <entry id="camping_skill_uses_remaining_format"><![CDATA[Pozostałe użycia: %d]]></entry>
    <entry id="str_stage_coach_upgraded_recruits_upgrade_lvl_1"><![CDATA[Bohaterowie 1 poziomu mogą teraz pojawić się w Dyliżansie.]]></entry>
    <entry id="str_stage_coach_upgraded_recruits_upgrade_lvl_2"><![CDATA[Bohaterowie 2 poziomu mogą teraz pojawić się w Dyliżansie.]]></entry>
    <entry id="str_stage_coach_upgraded_recruits_upgrade_lvl_3"><![CDATA[Bohaterowie 3 poziomu mogą teraz pojawić się w Dyliżansie.]]></entry>
  </language>
  <language id="czech">
    <entry id="hero_class_name_antiquarian"><![CDATA[Vetešnice]]></entry>
    <entry id="combat_skill_name_antiquarian_kris_stab"><![CDATA[Nervozní bodnutí]]></entry>
    <entry id="combat_skill_name_antiquarian_festering_vapours"><![CDATA[Hnisavé výpary]]></entry>
    <entry id="combat_skill_name_antiquarian_cower"><![CDATA[K zemi!]]></entry>
    <entry id="combat_skill_name_antiquarian_flashpowder"><![CDATA[Třaskavina]]></entry>
    <entry id="combat_skill_name_antiquarian_fortifying_vapours"><![CDATA[Posilňující výpary]]></entry>
    <entry id="combat_skill_name_antiquarian_invigorating_vapours"><![CDATA[Povzbuzující výpary]]></entry>
    <entry id="combat_skill_name_antiquarian_protect_me"><![CDATA[Braň mě]]></entry>
    <entry id="combat_skill_name_antiquarian_move"><![CDATA[zpět]]></entry>
    <entry id="upgrade_tree_name_antiquarian.kris_stab"><![CDATA[Nervozní bodnutí]]></entry>
    <entry id="upgrade_tree_name_antiquarian.festering_vapours"><![CDATA[Hnisavé výpary]]></entry>
    <entry id="upgrade_tree_name_antiquarian.cower"><![CDATA[K zemi!]]></entry>
    <entry id="upgrade_tree_name_antiquarian.flashpowder"><![CDATA[Třaskavina]]></entry>
    <entry id="upgrade_tree_name_antiquarian.fortifying_vapours"><![CDATA[Posilňující výpary]]></entry>
    <entry id="upgrade_tree_name_antiquarian.invigorating_vapours"><![CDATA[Povzbuzující výpary]]></entry>
    <entry id="upgrade_tree_name_antiquarian.protect_me"><![CDATA[Braň mě]]></entry>
    <entry id="camping_skill_name_supply"><![CDATA[Doplnit zásoby]]></entry>
    <entry id="camping_skill_name_trinket_scrounge"><![CDATA[Vyloudit tretku]]></entry>
    <entry id="camping_skill_name_strange_powders"><![CDATA[Podivné prášky]]></entry>
    <entry id="camping_skill_name_curious_incantation"><![CDATA[Pozoruhodné zaříkadlo]]></entry>
    <entry id="str_bark_supply"><![CDATA[Být připravený často znamená vědet kam se dívat.]]></entry>
    <entry id="str_bark_trinket_scrounge"><![CDATA[Mám cit pro hledání užitečných relikvií.]]></entry>
    <entry id="str_bark_strange_powders"><![CDATA[Tenhle vzorec jsem získala na Dálném východě a je úžasný.]]></entry>
    <entry id="str_bark_curious_incantation"><![CDATA[Touhle mantrou se připravují na útrapy v těch nepokojnějších chrámech.]]></entry>
    <entry id="antiquarian_weapon_0"><![CDATA[Provizorní kadidelnice]]></entry>
    <entry id="antiquarian_weapon_1"><![CDATA[Čpavá kadidelnice]]></entry>
    <entry id="antiquarian_weapon_2"><![CDATA[Vysvěcená kadidelnice]]></entry>
    <entry id="antiquarian_weapon_3"><![CDATA[Obřadní kadidelnice]]></entry>
    <entry id="antiquarian_weapon_4"><![CDATA["Sarkofág"]]></entry>
    <entry id="upgrade_tree_name_antiquarian.weapon"><![CDATA[Kadidelnice]]></entry>
    <entry id="antiquarian_armour_0"><![CDATA[Ruksak a tretky]]></entry>
    <entry id="antiquarian_armour_1"><![CDATA[Taška a zajímavosti]]></entry>
    <entry id="antiquarian_armour_2"><![CDATA[Odolná torna a rarity]]></entry>
    <entry id="antiquarian_armour_3"><![CDATA[Cestovní batoh a relikvie]]></entry>
    <entry id="antiquarian_armour_4"><![CDATA["Timurikův bezedný vak"]]></entry>
    <entry id="upgrade_tree_name_antiquarian.armour"><![CDATA[Tašky a zajímavosti]]></entry>
    <entry id="action_verbose_body_guild_antiquarian"><![CDATA[Jakožto učená badatelka a bystrá archeoložka, vetešnice není příliš zvyklá bojovat. Je však mistryní sebezáchovy - své přežití zaručuje tím, že se vyhýbá boji a vyžaduje si ochranu od svých spojenců. Pokud je přímý střet nevyhnutelný, vetešnice může svou hřímajicí kadidelnicí léčit a povzbuzovat spojence... a trávit nepřátele.]]></entry>
    <entry id="action_verbose_body_blacksmith_antiquarian"><![CDATA[Nedá se říct, že by vetešnice nosila nějakou zbroj. Namísto toho se spoléhá na moc nesčetných starobylých talismanů a relikvií, které nashromáždila během svých cest. Její cit pro cennosti posilují znepokojívé vlastnosti její kadidelnice, která se může družině ukázat užitečnou při... problematičtějších setkáních.]]></entry>
    <entry id="action_verbose_body_camping_trainer_antiquarian"><![CDATA[Badatel nikdy nelení! Vetešnice prozkoumává tábořiště, aby získala zásoby, a dokonce tretky, které mohla družina přehlédnout. Její osobíté výroky a zvláštní prášky pak dodávají klid mysli a houževnatost tělu.]]></entry>
    <entry id="effect_tooltip_guard_performer"><![CDATA[Vyžádat si ochranu]]></entry>
    <entry id="hero_class_name_musketeer"><![CDATA[Mušketýrka]]></entry>
    <entry id="combat_skill_name_musketeer_aimed_shot"><![CDATA[Cílená rána]]></entry>
    <entry id="combat_skill_name_musketeer_smokescreen"><![CDATA[Kouřová clona]]></entry>
    <entry id="combat_skill_name_musketeer_call_the_shot"><![CDATA[Určit cíl]]></entry>
    <entry id="combat_skill_name_musketeer_buckshot"><![CDATA[Broková střela]]></entry>
    <entry id="combat_skill_name_musketeer_sidearm"><![CDATA[Pistole]]></entry>
    <entry id="combat_skill_name_musketeer_patch_up"><![CDATA[Obvazy]]></entry>
    <entry id="combat_skill_name_musketeer_skeet_shot"><![CDATA[Střílení holubů]]></entry>
    <entry id="combat_skill_name_musketeer_move"><![CDATA[zpět]]></entry>
    <entry id="upgrade_tree_name_musketeer.aimed_shot"><![CDATA[Cílená rána]]></entry>
    <entry id="upgrade_tree_name_musketeer.smokescreen"><![CDATA[Kouřová clona]]></entry>
    <entry id="upgrade_tree_name_musketeer.call_the_shot"><![CDATA[Určit cíl]]></entry>
    <entry id="upgrade_tree_name_musketeer.buckshot"><![CDATA[Broková střela]]></entry>
    <entry id="upgrade_tree_name_musketeer.sidearm"><![CDATA[Pistole]]></entry>
    <entry id="upgrade_tree_name_musketeer.patch_up"><![CDATA[Obvazy]]></entry>
    <entry id="upgrade_tree_name_musketeer.skeet_shot"><![CDATA[Střílení holubů]]></entry>
    <entry id="camping_skill_name_clean_musket"><![CDATA[VYČISTIT MUŠKETU]]></entry>
    <entry id="str_bark_restring_crossbow"><![CDATA[Vycizelovaná a naleštěná, teď budeš střílet přesně, má lásko.]]></entry>
    <entry id="musketeer_weapon_0"><![CDATA[Šuntovní mušketa]]></entry>
    <entry id="musketeer_weapon_1"><![CDATA[Spolehlivá mušketa]]></entry>
    <entry id="musketeer_weapon_2"><![CDATA[Vyvážená mušketa]]></entry>
    <entry id="musketeer_weapon_3"><![CDATA[Ostrostřelcova mušketa]]></entry>
    <entry id="musketeer_weapon_4"><![CDATA["Jistá muška"]]></entry>
    <entry id="upgrade_tree_name_musketeer.weapon"><![CDATA[Mušketa]]></entry>
    <entry id="musketeer_armour_0"><![CDATA[Závodníkova vesta a plášť]]></entry>
    <entry id="musketeer_armour_1"><![CDATA[Soupeřova vesta a plášť]]></entry>
    <entry id="musketeer_armour_2"><![CDATA[Finalistova vesta a plášť]]></entry>
    <entry id="musketeer_armour_3"><![CDATA[Medalistova vesta a plášť]]></entry>
    <entry id="musketeer_armour_4"><![CDATA["Šampionův úbor"]]></entry>
    <entry id="upgrade_tree_name_musketeer.armour"><![CDATA[Vesta a plášť]]></entry>
    <entry id="action_verbose_body_guild_musketeer"><![CDATA[Závodní střelkyně s pramálo zkušenostmi z akce - mušketýrka vyniká, když si drží od nepřátel odstup. Diky svému bezchybnému zraku a nacvičenému dobíjení spolehlivě poškozuje nepřátele a svou kouřovou clonou, první pomocí a střílením holubů dává družině i podpůrné schopnosti.]]></entry>
    <entry id="action_verbose_body_blacksmith_musketeer"><![CDATA[Přestože navenek nenápadný, musketýrčín úbor je vyztužený tvrzenou koženou podšívkou, což jí umožňuje snést nemálo ran. Různorodá munice její muškety and spolehlivá pistole jí umožňují způsobit z dálky ohromující škodu.]]></entry>
    <entry id="action_verbose_body_camping_trainer_musketeer"><![CDATA[Mušketýrka chápe, že o svůj delikátní nástroj je třeba se řádně starat, pokud se na něj chce spolehnout v zápalu boje. Stejně dobře dokáže ošetřit rány svých společníků, i kdyby jen proto, aby stáli mezi ní a nepřáteli.]]></entry>
    <entry id="town_name_heirloom_exchange"><![CDATA[Směnit rodinné cennosti]]></entry>
    <entry id="str_inventory_title_gemantiqrelicsmall"><![CDATA[Drobná cennost]]></entry>
    <entry id="str_inventory_description_gemantiqrelicsmall"><![CDATA[Drobný sběratelský předmět, cenný ve větších množstvích]]></entry>
    <entry id="str_inventory_title_gemantiqrelic"><![CDATA[Vzácná cennost]]></entry>
    <entry id="str_inventory_description_gemantiqrelic"><![CDATA[To je ale nález!]]></entry>
    <entry id="camping_skill_effect_loot_S"><![CDATA[Vytvoří náhodnou zásobu.]]></entry>
    <entry id="camping_skill_effect_loot_T_ANTIQ_CAMP"><![CDATA[Vytvoří náhodnou tretku.]]></entry>
    <entry id="upgrade_tree_name_stage_coach.upgraded_recruits"><![CDATA[Zkušení rekruti]]></entry>
    <entry id="upgrade_tree_tooltip_description_stage_coach.upgraded_recruits"><![CDATA[Umožnuje, aby se v dostavníku objevíli hrdinové na vyšší ůrovni.]]></entry>
    <entry id="str_inventory_title_trinketantiq_1"><![CDATA[Sáček kuliček]]></entry>
    <entry id="str_inventory_title_trinketantiq_2"><![CDATA[Medailón prokrvení]]></entry>
    <entry id="str_inventory_title_trinketantiq_3"><![CDATA[Modla z krunýře]]></entry>
    <entry id="str_inventory_title_trinketantiq_4"><![CDATA[Florén svižnosti]]></entry>
    <entry id="str_inventory_title_trinketantiq_5"><![CDATA[Svička života]]></entry>
    <entry id="str_inventory_title_trinketwrathful_hat"><![CDATA[Klobouk hněvu]]></entry>
    <entry id="str_inventory_title_trinketbulls_eye_hat"><![CDATA[Klobouk trefy do černého]]></entry>
    <entry id="str_inventory_title_trinketmedics_boots"><![CDATA[Medikovy holínky]]></entry>
    <entry id="str_inventory_title_trinketsturdy_boots"><![CDATA[Odolné holínky]]></entry>
    <entry id="str_inventory_title_trinketvengeful_boots"><![CDATA[Holínky msty]]></entry>
    <entry id="camping_skill_uses_remaining_format"><![CDATA[Zbývá použití: %d]]></entry>
    <entry id="str_stage_coach_upgraded_recruits_upgrade_lvl_1"><![CDATA[V dostavníku se mohou objevit hrdinové na úrovni 1.]]></entry>
    <entry id="str_stage_coach_upgraded_recruits_upgrade_lvl_2"><![CDATA[V dostavníku se mohou objevit hrdinové na úrovni 2.]]></entry>
    <entry id="str_stage_coach_upgraded_recruits_upgrade_lvl_3"><![CDATA[V dostavníku se mohou objevit hrdinové na úrovni 3.]]></entry>
  </language>
</root>

