<?xml version="1.0" encoding="utf-8"?>
<project>
	<PreviewIconFile>preview_icon.png</PreviewIconFile>
	<ItemDescriptionShort/>
	<ModDataPath>C:/ProgFiles/DankestMods/TorchlessPlus</ModDataPath>
	<Title>Alfie - RTA (RemoveTorchAdd)</Title>
	<Language>english</Language>
	<UpdateDetails/>
	<Visibility>public</Visibility>
	<UploadMode>direct_upload</UploadMode>
	<VersionMajor>1</VersionMajor>
	<VersionMinor>0</VersionMinor>
	<TargetBuild>25532</TargetBuild>
	<Tags>
		<Tags>QoL</Tags>
	</Tags>
	<ItemDescription>Cool Beans, QoL Changes</ItemDescription>
	<PublishedFileId>696969696</PublishedFileId>
</project>

